ImageId,SnapshotId
ami-03a83a5273e1801da,snap-07b8821cb2663690d
ami-090c97a88bc35d9a4,snap-0f6b7041429f487b6
ami-01452b7612969a00b,snap-0da104dac4308ac69
ami-015b23789fcebc990,snap-0578599f106a63b99
ami-0604009b5ce35d183,snap-0e160466b15275290
ami-031265111fb45baa1,snap-01c1c257d7817804c
ami-048574551240ba928,snap-06468c014de7bad35
ami-025674b39e5e03781,snap-0c9f064bc66e973a1
ami-058c3f71217fe4235,snap-03c494dbf9b417c93
ami-0d2c7207d1b54e13f,snap-0c9ed4a86c1cd67a8
ami-00948aa9fa582d085,snap-086e1d56357893772
ami-0ab07608dc9827323,snap-00f9cb8f41f3d6e94
ami-0abfa8b3c362fc578,snap-02aa26b8ffcccd48a
ami-0e70c780b206677ae,snap-0786bed09169041ac
ami-0d0d4e27068e9c168,snap-05b8341ca0011e9bd
ami-051980655645a8b9e,snap-025ff46389b79633c
ami-0b046816b44a10b2a,snap-047f00d2371157373
ami-01cf04cae1e4029af,snap-0c3ab12f425f01a78
ami-0aa1c3bd5c2509c72,snap-0388cc7ed443460d6
ami-08eff3616df563d0d,snap-0f64c9d768e63d0fb
ami-0784751f270f75b35,snap-050675728ac3ddcaa
ami-07ebc770e6d96181f,snap-096de995b492646dd
ami-03e225fc8b666de42,snap-0406cc00c98d43f4a
ami-07f68e9c77e001233,snap-00a40d1303e400dc7
ami-04e180a346b90f43e,snap-08fe1e29afde7fade
ami-0fb968a508eb014fb,snap-0a049faa4e172231c
ami-0658b2a1a469ebcd5,snap-07c51d5599ba0357f
ami-0a5c88bb9c80caada,snap-01d474dd947727315
ami-0edc4eeca455bc8dd,snap-005f7ab3facc8a985
ami-04a878bbbf3b00c75,snap-0787585a6bda07191
ami-03f1a58870c56731f,snap-0bb94b09685001841
ami-0e4669abd99be383e,snap-06a7cc46473ba71d3
ami-0333bf47afccbbd0a,snap-056cf5cacf767b4e7
ami-0b1f31c0c412df2e3,snap-013e189cb77b220f0
ami-0765786ce4169998f,snap-040ba0c6b655cbea8
ami-0d16a1e50f140f185,snap-0281c599e29e36c0e
ami-0dc2bcba77851a14e,snap-08ab6da18057c31f8
ami-02b18318f2ad77cf9,snap-0682a8273fe190caa
ami-0460bf33f6343d466,snap-0edae94558e419e65
ami-0617faafe83da5676,snap-03a05ffd28bfbd1f5
ami-0f9a6a8a45e1942da,snap-05d293c1aed319988
ami-022fd99d63acfa258,snap-07ac37cb391d430e3
ami-0aa121b55bfe9efe2,snap-022f24f5cc0281c5c
ami-0925e78c1b80f1711,snap-0e586fa9ab1148782
ami-000c49d3761fd1871,snap-0fa22813eab1eb4ff
ami-0bd955f2e5a6a7c84,snap-0feed8d74cf01ab5e
ami-08f0826ab810009e1,snap-016c603ce99217f37
ami-01dc9f23936f4fb3e,snap-09a9c8b2f516cb103
ami-0cfb1f1f03c972d87,snap-092e1739bd5c0b9bd
ami-006baf03dc5f737df,snap-005845dfa5ff9238d
ami-086bcf470a78ed111,snap-07d64731adac68c73
ami-0356223414fef6f4f,snap-0944b07c177723569
ami-024af85732cfb0f5a,snap-062760e5a59406603
ami-0543f39b16f1cb9cd,snap-071d03543ba90abdb
ami-019eedfb940e8d1b7,snap-011f6293209cd37fc
ami-0fda30004af24aeda,snap-01ccbd3e90586c0f0
ami-0f0f59ba301f5751f,snap-0e9b494d7e69937f7
ami-0ff71e592c81b45c7,snap-0d53448f9ccf7fd36
ami-0366167d78568b0de,snap-06f028c56aa5748e3
ami-03218d3a3e052ba79,snap-05a4503e88b22bf60
ami-083d13c4f948b2f2e,snap-00382ffeb0a0710ce
ami-05a2068218fc9fc58,snap-07919d512683c8e27
ami-04c1e1d56c3c09b78,snap-0682eb3cf8ac6edd3
ami-0f70c8701d62dc170,snap-05bb1208680586d71
ami-08b560e21ce41f940,snap-0a413b272fa613865
ami-0b8fa802c6f5c7a1e,snap-060f8e8b0124057f0
ami-0a54863971c595e1a,snap-018b8f88f4cfc4187
ami-081c204ef3c3ece3f,snap-0d2b3c1f2a5a0f9a1
ami-006ec3b0889f091ee,snap-014fdaaf44fcceafd
ami-03d425c1178a118ad,snap-0dc3494a594ce5bef
ami-0b287ea8a628dceb3,snap-080cf78ebec2ebf4f
ami-09dcd38cc75bb170a,snap-041d1cbcbaa369346
ami-0d86cb6ea96727974,snap-07c5ad4c37ca29ffc
ami-0b3d40e6706f87afb,snap-0526623fa9431be8d
ami-00a5dcbf73d02601b,snap-08dc53c3efdf346a4
ami-0070ef7e296316f15,snap-024dcf573d1c1ff76
ami-08ca494ab03695736,snap-0794c461323cc997f
ami-0a3d197d3225d66d3,snap-0cac0c09e636114e9
ami-0acc7af0f15ff8cb2,snap-0e6119cbf299e20e8
ami-0861038ca32b7a39f,snap-018f066ae5bd25bd5
ami-00d600068b30e3853,snap-0238b4e5de46347b7
ami-081f6150b47042a67,snap-06ac47917adba23f7
ami-00d6b76cce518685a,snap-0217bf3db38d897ad
ami-004083394d347142e,snap-0cc9e4266319e55c6
ami-09e695c63794da1a7,snap-0944e22323decbb2c
ami-018989b97a269f05f,snap-028d149a70b074e1e
ami-0d5491ce60f072774,snap-02b832e0c9bb0d4a7
ami-0e960e458171cc979,snap-0069174e336420e7b
ami-014ee8261c723ebcf,snap-058637b9fc4730b0e
ami-0779582ea669e9071,snap-07e510ee19b596ed9
ami-06cff1842c1b9501c,snap-0bcf81d3add75cd7c
ami-0e8279ea6d45a8110,snap-02e8bd78457f94546
ami-0e4eef6c63ed7426a,snap-0ba8dfa69446002a0
ami-09eb00268295a92ea,snap-0cf800cd38947e98d
ami-0b4d4a7e3929f0ca1,snap-0cda1f0ab92468718
ami-0abf4d0d64dcb3835,snap-060c4cf331f69ea65
ami-0bf8c418c7be26aaf,snap-0ec8c4630fa3d4abd
ami-0b41aa12057106c21,snap-0279f52514f78e0b0
ami-00aa19441d3983f1b,snap-03d940783dc56a2df
ami-0f04d3e2da883e2f6,snap-0fd12e96a22f80729
ami-07d12606ac1a28ede,snap-045b0f279f9890519
ami-0369eed3b62805099,snap-0df523cf75b769249
ami-0291455470a40f6b2,snap-0a8c62ce102ac466f
ami-060eb73fc8c8795b2,snap-01d2590dd7bf1f03b
ami-09ee1af1c7133e464,snap-0e128f9f123fdea67
ami-0dba426a728cbe948,snap-0e9a928f8dacbfcb8
ami-0429d66cfe6dfef17,snap-0d6dd5cf14d5e39f5
ami-04efbd79a25ed7e14,snap-05254127ce9f79fa5
ami-0425be2a4c37390be,snap-0c2590fdc31758a4d
ami-02a791e133297c990,snap-0c973b16ab325d851
ami-0750a26fd12ad82da,snap-033009c182d8a6a7f
ami-06cae61fdabbd2d5b,snap-07716837f99d10f6e
ami-0ce91895d7cb693fb,snap-08fd27ec4f1cec5fb
ami-0c0adb967edf497f6,snap-03950e08ff7853707
ami-0a718237f2050d3c2,snap-033ea2d05c0425779
ami-0f8d76344dfaf359f,snap-006d2ed9968e36598
ami-011a5e419f973417e,snap-02e068d2b14a289b0
ami-05189b3597aeb5b85,snap-004632731408f0c99
ami-0728a8a4ea270edbd,snap-0c838efd2b2522537
ami-06919743961eb1bc1,snap-0646ef9c0dc9b8b3e
ami-0a4286624eb7e4759,snap-0ab39f614380fabba
ami-0f7089a355aaaac54,snap-04f744bc2eb2d8db8
ami-0fadc79540b8f0b54,snap-02175118c3d389b16
ami-05e23a2bd4a9c791b,snap-07a4a00d2d537b4e5
ami-04b267306d6a77f7e,snap-0af2826d32fbf9a34
ami-03c8d3f63f5f50c00,snap-0d3ba2ab3ee288b56
ami-04cc5fc0ed245ab5c,snap-0410657a987bb2777
ami-05c0302bc81945844,snap-09091b78bfc1d4cc2
ami-0df0d382d2a8df58e,snap-0daa0b873aedd5afc
ami-0c4a08d112d991c76,snap-04704aa6011b57db1
ami-0aa7c23d16fbfd904,snap-046c33c8666d52519
ami-001435da3ee4252f1,snap-03d9187751f5463e8
ami-087ab2e678e4080ee,snap-0c4e01e9191b8b0d7
ami-0c3ff62d0ade4100d,snap-0cf7c47cd7811c195
ami-03586e9b7478b35d8,snap-0e801179d52584daa
ami-0de48fdd693d6b15d,snap-014fdb958b42117a0
ami-0978fbc00a10cb5a6,snap-033eb2549eea54830
ami-0c35353b31934f4b5,snap-0c5d9b20d91d968b4
ami-01d15c58b1290197d,snap-0ba92cac0b3f806dd
ami-0dc10127e37b985f3,snap-0ca5ea6b097721af5
ami-09da711520825a8f8,snap-01177109014efe03f
ami-0c2a29f5c56d76f55,snap-095601d667c54bed6
ami-0fac669ea0c72d0df,snap-0f9177d303cab7581
ami-0dcf8cab50aaf9426,snap-0ce9de8f4f7bc2cd8
ami-0e903ceeca2908019,snap-0685c5fb692cc0ada
ami-08e12d93250c39a02,snap-065a91a471e0c56f5
ami-0fa8f7f7b8ae61336,snap-0d9b6a3fe4365923b
ami-0ba8581b65f261c93,snap-05f998c54977eca11
ami-08bd8607ee3ced87b,snap-020991d8a9f8c8538
ami-0718fddd199276d0d,snap-071f188fff857cd8d
ami-067c0effc5f66fff9,snap-0062181afe07da749
ami-0fd7c2fb3bee4861d,snap-0e1a49181648c6069
ami-0bb9360cbfeb9651a,snap-0b67ac0e5fba071fa
ami-02cab659784bb09e3,snap-0dbc3871b5d8a688f
ami-01fa12d31f3860fd8,snap-04eb064528b35ec22
ami-0a2940fec5d27e0d5,snap-03c4adc19998d51a6
ami-0fdf20106d7b2eea9,snap-0f1a703ef537391c8
ami-045800be379d640d7,snap-01e7f43401a40cfd5
ami-0d2734c306f79b22f,snap-06d1d2f77b7be6e6f
ami-0dafa41e7cc0b15c3,snap-0704784456c19ef17
ami-0ebb7ae0bedb55ca5,snap-00e2e9cc7e741b1f1
ami-0f87c99f1bbe22e41,snap-0975a84e83a9d1cd5
ami-07ac387a5475691c3,snap-0695645cf544e9c1e
ami-04a1d632746c67f9b,snap-05a6f572bd349afbd
ami-0781d57d56e5cfbe2,snap-0ea92c0619619df3e
ami-063d5bae972670161,snap-0992ea470f3fd30f9
ami-0d59599d1242aa8fc,snap-0912547c31b205c14
ami-0768915d665f04ae9,snap-08a684b2119b06a41
ami-0b485febbcd99a475,snap-08872c7f629db25d2
ami-07adee901a4d66dd1,snap-00c8fe4e66f0166e6
ami-0a56471250bb83eb1,snap-0b76ad93a2c285a12
ami-0158e5ca337634e24,snap-0780bb47e0af40dc7
ami-0aac1018e3e862ee1,snap-07921e1375617131c
ami-00429789941298bc7,snap-083bb19356c0cc266
ami-0a98c942f8345dc93,snap-0cd84bca950792c18
ami-0b7c255024d246a38,snap-08abac54e2d1d7117
ami-0427fc8e33ca4f18f,snap-019e09506d25cfd1f
ami-01f01353a82af0f31,snap-0d756de915cc968eb
ami-0378c9b8b3dda9471,snap-0e25b6854345be802
ami-0d39347ffab0cbbbb,snap-04421dda5c0fc4dab
ami-0f0efc92c6eebeaea,snap-0f25b87d58d368daa
ami-011cf3bafc711148b,snap-01a59fe30bc2fec57
ami-06b5bbafe86fecf0f,snap-03f2a8a58ffda0ea9
ami-07df86c160b314153,snap-08a599605dff85b03
ami-036c094f42623a7d8,snap-08695264a21ca0a1a
ami-09cad5afe0df3b9e7,snap-02634d33057bdd5c3
ami-08d725dca860bcbba,snap-0ed1db04cce4751b3
ami-0eeacfcd8d1d3789a,snap-0db71d6b8af43938f
ami-075210405b4bd0e79,snap-06e127bf2a88b6458
ami-04825850b8aa6266a,snap-0d1e3d1b8962408fa
ami-0f24161a606e62d2f,snap-06586311a094a0c07
ami-0adc4a3b3d812fb75,snap-0ede9c08595f3e626
ami-0387d43f068c1b5b6,snap-063905bc30c8657e8
ami-0906ff804bccb34d1,snap-0696c6ca9b82e1e28
ami-0218575bf19f807bb,snap-0dfabb9604dabc62a
ami-037015ebfc6edfd53,snap-01f7413392163767b
ami-0fa11299dc8127adf,snap-0d41226be50a83644
ami-0e219d7a43d95385c,snap-0c73dc30b57142d1c
ami-0e4020c2288f65e23,snap-0d4fbea26c571dabc
